Street Name,Representative,Notification,Date,Time
Maple Lane,John Smith,Sidewalk repairs starting next week,2023-01-15,14:30:00
Main Street,Kevin Brad,Street painting scheduled for next week,2023-01-15,13:00:00
Willow Way,Emma Taylor,Reminder: Block party planning meeting,2023-01-15,18:30:00
Poplar Lane,Matthew Thomas,Street repair progress update,2023-01-15,15:30:00
Elm Boulevard,Olivia Turner,Street carnival planning meeting,2023-01-15,19:00:00
East Street,Preston Blake,Reminder: Neighborhood block captain meeting,2023-01-15,14:00:00
Oak Street,Jane Johnson,Temporary road closure on Monday,2023-01-16,08:00:00
Pine Road,Emily Wilson,Street beautification project update,2023-01-16,12:00:00
Timber Street,Liam Read,Street sign replacement on Wednesday,2023-01-16,16:00:00
Cypress Drive,Christopher Martinez,Changes in street lighting system,2023-01-16,17:30:00
Sycamore Street,Sophia Anderson,Scheduled tree planting on Tuesday,2023-01-16,14:30:00
Aspen Avenue,Ava Garcia,Notice: Changes in parking regulations,2023-01-16,09:00:00
Elm Boulevard,Olivia Turner,Notice: No parking on Monday due to construction,2023-01-16,10:00:00
Chestnut Drive,Emma Wilson,Scheduled street maintenance on Thursday,2023-01-16,11:30:00
Juniper Street,Liam Garcia,Notice: Changes in street parking rules,2023-01-16,12:30:00
Holly Lane,Logan Hernandez,Scheduled street repairs on Wednesday,2023-01-16,13:00:00
Main Street,Kevin Brad,Changes in recycling pickup day,2023-01-17,14:00:00
Birch Boulevard,David Brown,Notice: Changes in traffic flow pattern,2023-01-17,15:00:00
Brown Street,Osama Hitler,Scheduled street sweeping on Thursday,2023-01-17,11:00:00
Pink Street,Margot Robson,Reminder: Emergency preparedness meeting,2023-01-17,18:30:00
Power Street,Thomas Silver,Scheduled sewer system maintenance,2023-01-17,13:30:00
Magnolia Way,James Miller,Changes in street closure timings,2023-01-17,10:00:00
West Street,Benjamin John,Reminder: Neighborhood clean-up on Friday,2023-01-17,09:30:00
East Street,Preston Blake,Street market vendor registration deadline,2023-01-17,16:00:00
Spruce Road,Avery Davis,Street cleanup volunteer registration open,2023-01-17,19:30:00
South Street,Preston Blake,Reminder: Neighborhood movie night this Friday,2023-01-17,20:00:00
Cedar Avenue,Michael Davis,Public art installation ceremony on Friday,2023-01-18,15:30:00
Birch Boulevard,David Brown,Street vendors fair this Saturday,2023-01-18,10:30:00
Willow Way,Emma Taylor,Street art competition announcement,2023-01-18,14:30:00
Aspen Avenue,Ava Garcia,Street mural painting event next week,2023-01-18,16:30:00
Hickory Road,William Hernandez,Community yoga session in the park,2023-01-18,18:00:00
Magnolia Way,James Miller,Street photography contest announcement,2023-01-18,17:30:00
Redwood Avenue,Charlotte Smith,Street mural painting workshop,2023-01-18,15:00:00
Holly Lane,Logan Hernandez,Street party preparation meeting,2023-01-18,17:00:00
Maple Lane,John Smith,Reminder: Neighborhood potluck on Saturday,2023-01-19,18:00:00
Cedar Avenue,Michael Davis,Street market this weekend,2023-01-19,09:00:00
Timber Street,Liam Read,Upcoming neighborhood movie night,2023-01-19,19:30:00
Cypress Drive,Christopher Martinez,Upcoming street safety workshop,2023-01-19,14:00:00
Pink Street,Margot Robson,Street art exhibition opening night,2023-01-19,17:00:00
Power Street,Thomas Silver,Reminder: Neighborhood picnic this Sunday,2023-01-19,13:00:00
Denver Street,Benjamin John,Reminder: Street beautification committee meeting,2023-01-19,15:30:00
Chestnut Drive,Emma Wilson,Street safety awareness campaign,2023-01-19,13:30:00
Redwood Avenue,Charlotte Smith,Street fitness boot camp this weekend,2023-01-19,08:30:00
Spruce Road,Avery Davis,Community bike ride on Saturday,2023-01-19,10:30:00
South Street,Preston Blake,Street beautification project community input session,2023-01-19,16:30:00
Oak Street,Jane Johnson,Community garden planting event on Sunday,2023-01-20,11:00:00
Pine Road,Emily Wilson,Reminder: Yoga in the park on Sunday,2023-01-20,09:30:00
Brown Street,Osama Hitler,Community garage sale on Sunday,2023-01-20,08:00:00
Sycamore Street,Sophia Anderson,Street hockey tournament this weekend,2023-01-20,15:00:00
Poplar Lane,Matthew Thomas,Street food festival on Saturday,2023-01-20,12:30:00
Hickory Road,William Hernandez,Upcoming street closure for parade,2023-01-20,14:30:00
Denver Street,Benjamin John,Upcoming neighborhood book club,2023-01-20,16:30:00
West Street,Benjamin John,Community dance night this Saturday,2023-01-20,19:00:00
Juniper Street,Liam Garcia,Street concert in the park on Sunday,2023-01-20,18:30:00
